Benchmark,Spec,Result,Runtime
MRDF_0x5f3e90b7ecfbc4f63b60c55ec0e825a927467bcc,totalSupply,Proved,233.421
MRDF_0x5f3e90b7ecfbc4f63b60c55ec0e825a927467bcc,balanceOf,Proved,250.114
MRDF_0x5f3e90b7ecfbc4f63b60c55ec0e825a927467bcc,allowance,Proved,248.406
MRDF_0x5f3e90b7ecfbc4f63b60c55ec0e825a927467bcc,approve,Failed,251.807
MRDF_0x5f3e90b7ecfbc4f63b60c55ec0e825a927467bcc,transfer-success-1,Failed,270.521
MRDF_0x5f3e90b7ecfbc4f63b60c55ec0e825a927467bcc,transfer-success-2,Failed,262.330
MRDF_0x5f3e90b7ecfbc4f63b60c55ec0e825a927467bcc,transfer-failure-1,Failed,258.259
MRDF_0x5f3e90b7ecfbc4f63b60c55ec0e825a927467bcc,transfer-failure-2,Proved,250.318
MRDF_0x5f3e90b7ecfbc4f63b60c55ec0e825a927467bcc,transferFrom-success-1,Failed,281.812
MRDF_0x5f3e90b7ecfbc4f63b60c55ec0e825a927467bcc,transferFrom-success-2,Failed,265.590
MRDF_0x5f3e90b7ecfbc4f63b60c55ec0e825a927467bcc,transferFrom-failure-1,Proved,246.116
MRDF_0x5f3e90b7ecfbc4f63b60c55ec0e825a927467bcc,transferFrom-failure-2,Proved,245.449
MyAdvancedToken_0x86c9f9df4a0bfc9a52eb3d16bcce3bc50d1a34ae,totalSupply,Proved,324.312
MyAdvancedToken_0x86c9f9df4a0bfc9a52eb3d16bcce3bc50d1a34ae,balanceOf,Proved,310.642
MyAdvancedToken_0x86c9f9df4a0bfc9a52eb3d16bcce3bc50d1a34ae,allowance,Proved,317.884
MyAdvancedToken_0x86c9f9df4a0bfc9a52eb3d16bcce3bc50d1a34ae,approve,Proved,308.990
MyAdvancedToken_0x86c9f9df4a0bfc9a52eb3d16bcce3bc50d1a34ae,transfer-success-1,Failed,336.128
MyAdvancedToken_0x86c9f9df4a0bfc9a52eb3d16bcce3bc50d1a34ae,transfer-success-2,Failed,331.173
MyAdvancedToken_0x86c9f9df4a0bfc9a52eb3d16bcce3bc50d1a34ae,transfer-failure-1,Proved,331.032
MyAdvancedToken_0x86c9f9df4a0bfc9a52eb3d16bcce3bc50d1a34ae,transfer-failure-2,Proved,323.453
MyAdvancedToken_0x86c9f9df4a0bfc9a52eb3d16bcce3bc50d1a34ae,transferFrom-success-1,Failed,333.073
MyAdvancedToken_0x86c9f9df4a0bfc9a52eb3d16bcce3bc50d1a34ae,transferFrom-success-2,Failed,344.497
MyAdvancedToken_0x86c9f9df4a0bfc9a52eb3d16bcce3bc50d1a34ae,transferFrom-failure-1,Proved,313.350
MyAdvancedToken_0x86c9f9df4a0bfc9a52eb3d16bcce3bc50d1a34ae,transferFrom-failure-2,Proved,332.561
MyToken_0xc3957cf07d0970deedfced034a092b496f9067da,totalSupply,Failed,229.024
MyToken_0xc3957cf07d0970deedfced034a092b496f9067da,balanceOf,Proved,227.553
MyToken_0xc3957cf07d0970deedfced034a092b496f9067da,allowance,Proved,230.733
MyToken_0xc3957cf07d0970deedfced034a092b496f9067da,approve,Proved,240.604
MyToken_0xc3957cf07d0970deedfced034a092b496f9067da,transfer-success-1,Proved,234.126
MyToken_0xc3957cf07d0970deedfced034a092b496f9067da,transfer-success-2,Proved,236.742
MyToken_0xc3957cf07d0970deedfced034a092b496f9067da,transfer-failure-1,Proved,241.750
MyToken_0xc3957cf07d0970deedfced034a092b496f9067da,transfer-failure-2,Proved,226.260
MyToken_0xc3957cf07d0970deedfced034a092b496f9067da,transferFrom-success-1,Proved,250.232
MyToken_0xc3957cf07d0970deedfced034a092b496f9067da,transferFrom-success-2,Proved,242.156
MyToken_0xc3957cf07d0970deedfced034a092b496f9067da,transferFrom-failure-1,Proved,244.978
MyToken_0xc3957cf07d0970deedfced034a092b496f9067da,transferFrom-failure-2,Proved,228.425
NOL_0x69ac90dc10c1beb0584735f219854b1a0e72f45b,totalSupply,Proved,299.314
NOL_0x69ac90dc10c1beb0584735f219854b1a0e72f45b,balanceOf,Proved,318.078
NOL_0x69ac90dc10c1beb0584735f219854b1a0e72f45b,allowance,Proved,327.045
NOL_0x69ac90dc10c1beb0584735f219854b1a0e72f45b,approve,Proved,311.754
NOL_0x69ac90dc10c1beb0584735f219854b1a0e72f45b,transfer-success-1,Failed,329.870
NOL_0x69ac90dc10c1beb0584735f219854b1a0e72f45b,transfer-success-2,Failed,334.938
NOL_0x69ac90dc10c1beb0584735f219854b1a0e72f45b,transfer-failure-1,Proved,315.800
NOL_0x69ac90dc10c1beb0584735f219854b1a0e72f45b,transfer-failure-2,Proved,306.047
NOL_0x69ac90dc10c1beb0584735f219854b1a0e72f45b,transferFrom-success-1,Failed,338.219
NOL_0x69ac90dc10c1beb0584735f219854b1a0e72f45b,transferFrom-success-2,Failed,338.084
NOL_0x69ac90dc10c1beb0584735f219854b1a0e72f45b,transferFrom-failure-1,Proved,323.027
NOL_0x69ac90dc10c1beb0584735f219854b1a0e72f45b,transferFrom-failure-2,Proved,313.643
NuLink_0x493c8d6a973246a7B26Aa8Ef4b1494867A825DE5,totalSupply,Proved,111.965
NuLink_0x493c8d6a973246a7B26Aa8Ef4b1494867A825DE5,balanceOf,Proved,121.235
NuLink_0x493c8d6a973246a7B26Aa8Ef4b1494867A825DE5,allowance,Proved,121.661
NuLink_0x493c8d6a973246a7B26Aa8Ef4b1494867A825DE5,approve,Proved,122.271
NuLink_0x493c8d6a973246a7B26Aa8Ef4b1494867A825DE5,transfer-success-1,Proved,129.536
NuLink_0x493c8d6a973246a7B26Aa8Ef4b1494867A825DE5,transfer-success-2,Proved,123.206
NuLink_0x493c8d6a973246a7B26Aa8Ef4b1494867A825DE5,transfer-failure-1,Failed,127.994
NuLink_0x493c8d6a973246a7B26Aa8Ef4b1494867A825DE5,transfer-failure-2,Proved,118.752
NuLink_0x493c8d6a973246a7B26Aa8Ef4b1494867A825DE5,transferFrom-success-1,Failed,137.280
NuLink_0x493c8d6a973246a7B26Aa8Ef4b1494867A825DE5,transferFrom-success-2,Failed,143.648
NuLink_0x493c8d6a973246a7B26Aa8Ef4b1494867A825DE5,transferFrom-failure-1,Failed,138.893
NuLink_0x493c8d6a973246a7B26Aa8Ef4b1494867A825DE5,transferFrom-failure-2,Proved,127.905
NXTG_ERC20_0x60ec679cf3a48d89efa774fccd3dc59ef1401330,totalSupply,Failed,605.662
NXTG_ERC20_0x60ec679cf3a48d89efa774fccd3dc59ef1401330,balanceOf,Proved,585.232
NXTG_ERC20_0x60ec679cf3a48d89efa774fccd3dc59ef1401330,allowance,Proved,590.604
NXTG_ERC20_0x60ec679cf3a48d89efa774fccd3dc59ef1401330,approve,Proved,565.081
NXTG_ERC20_0x60ec679cf3a48d89efa774fccd3dc59ef1401330,transfer-success-1,Proved,595.803
NXTG_ERC20_0x60ec679cf3a48d89efa774fccd3dc59ef1401330,transfer-success-2,Proved,619.794
NXTG_ERC20_0x60ec679cf3a48d89efa774fccd3dc59ef1401330,transfer-failure-1,Proved,583.053
NXTG_ERC20_0x60ec679cf3a48d89efa774fccd3dc59ef1401330,transfer-failure-2,Proved,584.189
NXTG_ERC20_0x60ec679cf3a48d89efa774fccd3dc59ef1401330,transferFrom-success-1,Proved,602.864
NXTG_ERC20_0x60ec679cf3a48d89efa774fccd3dc59ef1401330,transferFrom-success-2,Proved,607.829
NXTG_ERC20_0x60ec679cf3a48d89efa774fccd3dc59ef1401330,transferFrom-failure-1,Proved,606.347
NXTG_ERC20_0x60ec679cf3a48d89efa774fccd3dc59ef1401330,transferFrom-failure-2,Proved,588.131
OMAToken_0xade84da51b67cbe9002c85b7422c86d78a52f0d2,totalSupply,Failed,315.707
OMAToken_0xade84da51b67cbe9002c85b7422c86d78a52f0d2,balanceOf,Failed,323.227
OMAToken_0xade84da51b67cbe9002c85b7422c86d78a52f0d2,allowance,Failed,318.250
OMAToken_0xade84da51b67cbe9002c85b7422c86d78a52f0d2,approve,Failed,323.282
OMAToken_0xade84da51b67cbe9002c85b7422c86d78a52f0d2,transfer-success-1,Failed,352.078
OMAToken_0xade84da51b67cbe9002c85b7422c86d78a52f0d2,transfer-success-2,Failed,354.520
OMAToken_0xade84da51b67cbe9002c85b7422c86d78a52f0d2,transfer-failure-1,Failed,347.865
OMAToken_0xade84da51b67cbe9002c85b7422c86d78a52f0d2,transfer-failure-2,Failed,347.900
OMAToken_0xade84da51b67cbe9002c85b7422c86d78a52f0d2,transferFrom-success-1,Failed,354.255
OMAToken_0xade84da51b67cbe9002c85b7422c86d78a52f0d2,transferFrom-success-2,Failed,360.725
OMAToken_0xade84da51b67cbe9002c85b7422c86d78a52f0d2,transferFrom-failure-1,Failed,354.287
OMAToken_0xade84da51b67cbe9002c85b7422c86d78a52f0d2,transferFrom-failure-2,Failed,361.329
OMToken_0x2baEcDf43734F22FD5c152DB08E3C27233F0c7d2,totalSupply,Proved,401.152
OMToken_0x2baEcDf43734F22FD5c152DB08E3C27233F0c7d2,balanceOf,Proved,395.419
OMToken_0x2baEcDf43734F22FD5c152DB08E3C27233F0c7d2,allowance,Proved,398.772
OMToken_0x2baEcDf43734F22FD5c152DB08E3C27233F0c7d2,approve,Failed,395.721
OMToken_0x2baEcDf43734F22FD5c152DB08E3C27233F0c7d2,transfer-success-1,Failed,402.508
OMToken_0x2baEcDf43734F22FD5c152DB08E3C27233F0c7d2,transfer-success-2,Failed,401.254
OMToken_0x2baEcDf43734F22FD5c152DB08E3C27233F0c7d2,transfer-failure-1,Proved,392.172
OMToken_0x2baEcDf43734F22FD5c152DB08E3C27233F0c7d2,transfer-failure-2,Proved,395.190
OMToken_0x2baEcDf43734F22FD5c152DB08E3C27233F0c7d2,transferFrom-success-1,Failed,405.614
OMToken_0x2baEcDf43734F22FD5c152DB08E3C27233F0c7d2,transferFrom-success-2,Failed,412.688
OMToken_0x2baEcDf43734F22FD5c152DB08E3C27233F0c7d2,transferFrom-failure-1,Proved,415.760
OMToken_0x2baEcDf43734F22FD5c152DB08E3C27233F0c7d2,transferFrom-failure-2,Proved,404.833
OrionToken_0x8fb00fdebb4e83f2c58b3bcd6732ac1b6a7b7221,totalSupply,Proved,425.350
OrionToken_0x8fb00fdebb4e83f2c58b3bcd6732ac1b6a7b7221,balanceOf,Proved,420.123
OrionToken_0x8fb00fdebb4e83f2c58b3bcd6732ac1b6a7b7221,allowance,Proved,406.670
OrionToken_0x8fb00fdebb4e83f2c58b3bcd6732ac1b6a7b7221,approve,Failed,420.282
OrionToken_0x8fb00fdebb4e83f2c58b3bcd6732ac1b6a7b7221,transfer-success-1,Failed,432.944
OrionToken_0x8fb00fdebb4e83f2c58b3bcd6732ac1b6a7b7221,transfer-success-2,Proved,415.915
OrionToken_0x8fb00fdebb4e83f2c58b3bcd6732ac1b6a7b7221,transfer-failure-1,Proved,436.935
OrionToken_0x8fb00fdebb4e83f2c58b3bcd6732ac1b6a7b7221,transfer-failure-2,Proved,425.431
OrionToken_0x8fb00fdebb4e83f2c58b3bcd6732ac1b6a7b7221,transferFrom-success-1,Failed,452.973
OrionToken_0x8fb00fdebb4e83f2c58b3bcd6732ac1b6a7b7221,transferFrom-success-2,Failed,426.429
OrionToken_0x8fb00fdebb4e83f2c58b3bcd6732ac1b6a7b7221,transferFrom-failure-1,Proved,471.388
OrionToken_0x8fb00fdebb4e83f2c58b3bcd6732ac1b6a7b7221,transferFrom-failure-2,Proved,460.001
RariToken_0xfca59cd816ab1ead66534d82bc21e7515ce441cf,totalSupply,Failed,559.860
RariToken_0xfca59cd816ab1ead66534d82bc21e7515ce441cf,balanceOf,Failed,560.790
RariToken_0xfca59cd816ab1ead66534d82bc21e7515ce441cf,allowance,Failed,554.046
RariToken_0xfca59cd816ab1ead66534d82bc21e7515ce441cf,approve,Failed,596.915
RariToken_0xfca59cd816ab1ead66534d82bc21e7515ce441cf,transfer-success-1,Failed,591.479
RariToken_0xfca59cd816ab1ead66534d82bc21e7515ce441cf,transfer-success-2,Failed,597.460
RariToken_0xfca59cd816ab1ead66534d82bc21e7515ce441cf,transfer-failure-1,Failed,599.960
RariToken_0xfca59cd816ab1ead66534d82bc21e7515ce441cf,transfer-failure-2,Failed,728.088
RariToken_0xfca59cd816ab1ead66534d82bc21e7515ce441cf,transferFrom-success-1,Failed,720.158
RariToken_0xfca59cd816ab1ead66534d82bc21e7515ce441cf,transferFrom-success-2,Failed,648.363
RariToken_0xfca59cd816ab1ead66534d82bc21e7515ce441cf,transferFrom-failure-1,Failed,724.416
RariToken_0xfca59cd816ab1ead66534d82bc21e7515ce441cf,transferFrom-failure-2,Failed,713.728
ReputationToken_0x221657776846890989a759BA2973e427DfF5C9bB,totalSupply,Failed,56.838
ReputationToken_0x221657776846890989a759BA2973e427DfF5C9bB,balanceOf,Failed,52.812
ReputationToken_0x221657776846890989a759BA2973e427DfF5C9bB,allowance,Failed,58.457
ReputationToken_0x221657776846890989a759BA2973e427DfF5C9bB,approve,Failed,63.986
ReputationToken_0x221657776846890989a759BA2973e427DfF5C9bB,transfer-success-1,Failed,69.261
ReputationToken_0x221657776846890989a759BA2973e427DfF5C9bB,transfer-success-2,Failed,65.377
ReputationToken_0x221657776846890989a759BA2973e427DfF5C9bB,transfer-failure-1,Failed,65.957
ReputationToken_0x221657776846890989a759BA2973e427DfF5C9bB,transfer-failure-2,Failed,64.083
ReputationToken_0x221657776846890989a759BA2973e427DfF5C9bB,transferFrom-success-1,Failed,65.561
ReputationToken_0x221657776846890989a759BA2973e427DfF5C9bB,transferFrom-success-2,Failed,65.413
ReputationToken_0x221657776846890989a759BA2973e427DfF5C9bB,transferFrom-failure-1,Failed,50.051
ReputationToken_0x221657776846890989a759BA2973e427DfF5C9bB,transferFrom-failure-2,Failed,52.490
RewardToken_0xa0246c9032bC3A600820415aE600c6388619A14D,totalSupply,Proved,736.633
RewardToken_0xa0246c9032bC3A600820415aE600c6388619A14D,balanceOf,Proved,713.273
RewardToken_0xa0246c9032bC3A600820415aE600c6388619A14D,allowance,Proved,723.294
RewardToken_0xa0246c9032bC3A600820415aE600c6388619A14D,approve,Failed,764.047
RewardToken_0xa0246c9032bC3A600820415aE600c6388619A14D,transfer-success-1,Failed,756.318
RewardToken_0xa0246c9032bC3A600820415aE600c6388619A14D,transfer-success-2,Proved,775.614
RewardToken_0xa0246c9032bC3A600820415aE600c6388619A14D,transfer-failure-1,Proved,762.084
RewardToken_0xa0246c9032bC3A600820415aE600c6388619A14D,transfer-failure-2,Proved,708.742
RewardToken_0xa0246c9032bC3A600820415aE600c6388619A14D,transferFrom-success-1,Failed,707.654
RewardToken_0xa0246c9032bC3A600820415aE600c6388619A14D,transferFrom-success-2,Failed,637.167
RewardToken_0xa0246c9032bC3A600820415aE600c6388619A14D,transferFrom-failure-1,Proved,655.075
RewardToken_0xa0246c9032bC3A600820415aE600c6388619A14D,transferFrom-failure-2,Proved,659.333
RICH_0x025daf950c6e814dee4c96e13c98d3196d22e60c,totalSupply,Failed,667.049
RICH_0x025daf950c6e814dee4c96e13c98d3196d22e60c,balanceOf,Proved,667.308
RICH_0x025daf950c6e814dee4c96e13c98d3196d22e60c,allowance,Proved,679.925
RICH_0x025daf950c6e814dee4c96e13c98d3196d22e60c,approve,Proved,722.480
RICH_0x025daf950c6e814dee4c96e13c98d3196d22e60c,transfer-success-1,Proved,685.779
RICH_0x025daf950c6e814dee4c96e13c98d3196d22e60c,transfer-success-2,Proved,649.304
RICH_0x025daf950c6e814dee4c96e13c98d3196d22e60c,transfer-failure-1,Proved,710.307
RICH_0x025daf950c6e814dee4c96e13c98d3196d22e60c,transfer-failure-2,Proved,690.999
RICH_0x025daf950c6e814dee4c96e13c98d3196d22e60c,transferFrom-success-1,Proved,765.031
RICH_0x025daf950c6e814dee4c96e13c98d3196d22e60c,transferFrom-success-2,Proved,676.356
RICH_0x025daf950c6e814dee4c96e13c98d3196d22e60c,transferFrom-failure-1,Proved,644.741
RICH_0x025daf950c6e814dee4c96e13c98d3196d22e60c,transferFrom-failure-2,Proved,692.973
SimpleToken_0x9135D92e3A34e2A94e4474B74b9DC2d51118eeD5,totalSupply,Proved,311.246
SimpleToken_0x9135D92e3A34e2A94e4474B74b9DC2d51118eeD5,balanceOf,Proved,295.307
SimpleToken_0x9135D92e3A34e2A94e4474B74b9DC2d51118eeD5,allowance,Proved,288.217
SimpleToken_0x9135D92e3A34e2A94e4474B74b9DC2d51118eeD5,approve,Failed,310.078
SimpleToken_0x9135D92e3A34e2A94e4474B74b9DC2d51118eeD5,transfer-success-1,Failed,305.471
SimpleToken_0x9135D92e3A34e2A94e4474B74b9DC2d51118eeD5,transfer-success-2,Proved,305.052
SimpleToken_0x9135D92e3A34e2A94e4474B74b9DC2d51118eeD5,transfer-failure-1,Proved,308.436
SimpleToken_0x9135D92e3A34e2A94e4474B74b9DC2d51118eeD5,transfer-failure-2,Proved,310.891
SimpleToken_0x9135D92e3A34e2A94e4474B74b9DC2d51118eeD5,transferFrom-success-1,Failed,325.058
SimpleToken_0x9135D92e3A34e2A94e4474B74b9DC2d51118eeD5,transferFrom-success-2,Failed,328.320
SimpleToken_0x9135D92e3A34e2A94e4474B74b9DC2d51118eeD5,transferFrom-failure-1,Proved,326.019
SimpleToken_0x9135D92e3A34e2A94e4474B74b9DC2d51118eeD5,transferFrom-failure-2,Proved,324.513
SpaghettiToken_0x08a2e41fb99a7599725190b9c970ad3893fa33cf,totalSupply,Proved,112.194
SpaghettiToken_0x08a2e41fb99a7599725190b9c970ad3893fa33cf,balanceOf,Proved,113.958
SpaghettiToken_0x08a2e41fb99a7599725190b9c970ad3893fa33cf,allowance,Proved,119.719
SpaghettiToken_0x08a2e41fb99a7599725190b9c970ad3893fa33cf,approve,Proved,117.681
SpaghettiToken_0x08a2e41fb99a7599725190b9c970ad3893fa33cf,transfer-success-1,Failed,138.261
SpaghettiToken_0x08a2e41fb99a7599725190b9c970ad3893fa33cf,transfer-success-2,Failed,140.659
SpaghettiToken_0x08a2e41fb99a7599725190b9c970ad3893fa33cf,transfer-failure-1,Failed,143.989
SpaghettiToken_0x08a2e41fb99a7599725190b9c970ad3893fa33cf,transfer-failure-2,Proved,122.152
SpaghettiToken_0x08a2e41fb99a7599725190b9c970ad3893fa33cf,transferFrom-success-1,Failed,198.985
SpaghettiToken_0x08a2e41fb99a7599725190b9c970ad3893fa33cf,transferFrom-success-2,Failed,189.350
SpaghettiToken_0x08a2e41fb99a7599725190b9c970ad3893fa33cf,transferFrom-failure-1,Failed,217.500
SpaghettiToken_0x08a2e41fb99a7599725190b9c970ad3893fa33cf,transferFrom-failure-2,Failed,165.267
SpaghettiTokenV2_0xe54f9e6ab80ebc28515af8b8233c1aee6506a15e,totalSupply,Proved,399.747
SpaghettiTokenV2_0xe54f9e6ab80ebc28515af8b8233c1aee6506a15e,balanceOf,Proved,398.960
SpaghettiTokenV2_0xe54f9e6ab80ebc28515af8b8233c1aee6506a15e,allowance,Proved,403.316
SpaghettiTokenV2_0xe54f9e6ab80ebc28515af8b8233c1aee6506a15e,approve,Proved,404.551
SpaghettiTokenV2_0xe54f9e6ab80ebc28515af8b8233c1aee6506a15e,transfer-success-1,Failed,433.471
SpaghettiTokenV2_0xe54f9e6ab80ebc28515af8b8233c1aee6506a15e,transfer-success-2,Failed,445.065
SpaghettiTokenV2_0xe54f9e6ab80ebc28515af8b8233c1aee6506a15e,transfer-failure-1,Failed,469.028
SpaghettiTokenV2_0xe54f9e6ab80ebc28515af8b8233c1aee6506a15e,transfer-failure-2,Proved,393.503
SpaghettiTokenV2_0xe54f9e6ab80ebc28515af8b8233c1aee6506a15e,transferFrom-success-1,Failed,515.304
SpaghettiTokenV2_0xe54f9e6ab80ebc28515af8b8233c1aee6506a15e,transferFrom-success-2,Failed,513.702
SpaghettiTokenV2_0xe54f9e6ab80ebc28515af8b8233c1aee6506a15e,transferFrom-failure-1,Failed,573.801
SpaghettiTokenV2_0xe54f9e6ab80ebc28515af8b8233c1aee6506a15e,transferFrom-failure-2,Failed,456.884
StreamProtocol_0x9b5C2BE869a19e84BDBcb1386dAD83a2ec8DAe82,totalSupply,Failed,278.616
StreamProtocol_0x9b5C2BE869a19e84BDBcb1386dAD83a2ec8DAe82,balanceOf,Proved,285.728
StreamProtocol_0x9b5C2BE869a19e84BDBcb1386dAD83a2ec8DAe82,allowance,Failed,287.125
StreamProtocol_0x9b5C2BE869a19e84BDBcb1386dAD83a2ec8DAe82,approve,Failed,303.220
StreamProtocol_0x9b5C2BE869a19e84BDBcb1386dAD83a2ec8DAe82,transfer-success-1,Failed,311.700
StreamProtocol_0x9b5C2BE869a19e84BDBcb1386dAD83a2ec8DAe82,transfer-success-2,Failed,285.831
StreamProtocol_0x9b5C2BE869a19e84BDBcb1386dAD83a2ec8DAe82,transfer-failure-1,Proved,289.779
StreamProtocol_0x9b5C2BE869a19e84BDBcb1386dAD83a2ec8DAe82,transfer-failure-2,Proved,299.627
StreamProtocol_0x9b5C2BE869a19e84BDBcb1386dAD83a2ec8DAe82,transferFrom-success-1,Failed,330.487
StreamProtocol_0x9b5C2BE869a19e84BDBcb1386dAD83a2ec8DAe82,transferFrom-success-2,Failed,299.928
StreamProtocol_0x9b5C2BE869a19e84BDBcb1386dAD83a2ec8DAe82,transferFrom-failure-1,Failed,316.990
StreamProtocol_0x9b5C2BE869a19e84BDBcb1386dAD83a2ec8DAe82,transferFrom-failure-2,Failed,310.815
StrikeFarm_0x8a309E9fb32055CB8ad3524C6e53A6C3480e66B7,totalSupply,Proved,199.048
StrikeFarm_0x8a309E9fb32055CB8ad3524C6e53A6C3480e66B7,balanceOf,Proved,205.407
StrikeFarm_0x8a309E9fb32055CB8ad3524C6e53A6C3480e66B7,allowance,Proved,204.530
StrikeFarm_0x8a309E9fb32055CB8ad3524C6e53A6C3480e66B7,approve,Failed,215.705
StrikeFarm_0x8a309E9fb32055CB8ad3524C6e53A6C3480e66B7,transfer-success-1,Failed,217.184
StrikeFarm_0x8a309E9fb32055CB8ad3524C6e53A6C3480e66B7,transfer-success-2,Proved,225.378
StrikeFarm_0x8a309E9fb32055CB8ad3524C6e53A6C3480e66B7,transfer-failure-1,Proved,246.370
StrikeFarm_0x8a309E9fb32055CB8ad3524C6e53A6C3480e66B7,transfer-failure-2,Proved,214.907
StrikeFarm_0x8a309E9fb32055CB8ad3524C6e53A6C3480e66B7,transferFrom-success-1,Failed,236.157
StrikeFarm_0x8a309E9fb32055CB8ad3524C6e53A6C3480e66B7,transferFrom-success-2,Failed,236.008
StrikeFarm_0x8a309E9fb32055CB8ad3524C6e53A6C3480e66B7,transferFrom-failure-1,Proved,243.270
StrikeFarm_0x8a309E9fb32055CB8ad3524C6e53A6C3480e66B7,transferFrom-failure-2,Proved,237.460
Team3D_0x3D3D35bb9bEC23b06Ca00fe472b50E7A4c692C30,totalSupply,Failed,377.874
Team3D_0x3D3D35bb9bEC23b06Ca00fe472b50E7A4c692C30,balanceOf,Proved,366.367
Team3D_0x3D3D35bb9bEC23b06Ca00fe472b50E7A4c692C30,allowance,Proved,375.836
Team3D_0x3D3D35bb9bEC23b06Ca00fe472b50E7A4c692C30,approve,Failed,380.090
Team3D_0x3D3D35bb9bEC23b06Ca00fe472b50E7A4c692C30,transfer-success-1,Failed,400.344
Team3D_0x3D3D35bb9bEC23b06Ca00fe472b50E7A4c692C30,transfer-success-2,Failed,402.265
Team3D_0x3D3D35bb9bEC23b06Ca00fe472b50E7A4c692C30,transfer-failure-1,Proved,394.359
Team3D_0x3D3D35bb9bEC23b06Ca00fe472b50E7A4c692C30,transfer-failure-2,Proved,380.441
Team3D_0x3D3D35bb9bEC23b06Ca00fe472b50E7A4c692C30,transferFrom-success-1,Failed,409.723
Team3D_0x3D3D35bb9bEC23b06Ca00fe472b50E7A4c692C30,transferFrom-success-2,Failed,391.684
Team3D_0x3D3D35bb9bEC23b06Ca00fe472b50E7A4c692C30,transferFrom-failure-1,Proved,377.034
Team3D_0x3D3D35bb9bEC23b06Ca00fe472b50E7A4c692C30,transferFrom-failure-2,Proved,370.415
Token_0x66b3037aa8dd64c3ef1aee13a4d1f2509f672d1c,totalSupply,Proved,478.600
Token_0x66b3037aa8dd64c3ef1aee13a4d1f2509f672d1c,balanceOf,Proved,466.952
Token_0x66b3037aa8dd64c3ef1aee13a4d1f2509f672d1c,allowance,Proved,479.133
Token_0x66b3037aa8dd64c3ef1aee13a4d1f2509f672d1c,approve,Failed,500.624
Token_0x66b3037aa8dd64c3ef1aee13a4d1f2509f672d1c,transfer-success-1,Failed,489.854
Token_0x66b3037aa8dd64c3ef1aee13a4d1f2509f672d1c,transfer-success-2,Proved,476.982
Token_0x66b3037aa8dd64c3ef1aee13a4d1f2509f672d1c,transfer-failure-1,Proved,503.302
Token_0x66b3037aa8dd64c3ef1aee13a4d1f2509f672d1c,transfer-failure-2,Proved,485.861
Token_0x66b3037aa8dd64c3ef1aee13a4d1f2509f672d1c,transferFrom-success-1,Failed,513.411
Token_0x66b3037aa8dd64c3ef1aee13a4d1f2509f672d1c,transferFrom-success-2,Failed,491.403
Token_0x66b3037aa8dd64c3ef1aee13a4d1f2509f672d1c,transferFrom-failure-1,Proved,507.105
Token_0x66b3037aa8dd64c3ef1aee13a4d1f2509f672d1c,transferFrom-failure-2,Proved,516.334
Token_0xef811e8ea1c406cd1df7c953e45acfc4deb72e3d,totalSupply,Proved,113.836
Token_0xef811e8ea1c406cd1df7c953e45acfc4deb72e3d,balanceOf,Proved,119.742
Token_0xef811e8ea1c406cd1df7c953e45acfc4deb72e3d,allowance,Proved,123.323
Token_0xef811e8ea1c406cd1df7c953e45acfc4deb72e3d,approve,Failed,122.004
Token_0xef811e8ea1c406cd1df7c953e45acfc4deb72e3d,transfer-success-1,Failed,132.703
Token_0xef811e8ea1c406cd1df7c953e45acfc4deb72e3d,transfer-success-2,Proved,136.084
Token_0xef811e8ea1c406cd1df7c953e45acfc4deb72e3d,transfer-failure-1,Proved,126.730
Token_0xef811e8ea1c406cd1df7c953e45acfc4deb72e3d,transfer-failure-2,Proved,124.208
Token_0xef811e8ea1c406cd1df7c953e45acfc4deb72e3d,transferFrom-success-1,Failed,147.632
Token_0xef811e8ea1c406cd1df7c953e45acfc4deb72e3d,transferFrom-success-2,Failed,144.344
Token_0xef811e8ea1c406cd1df7c953e45acfc4deb72e3d,transferFrom-failure-1,Proved,136.177
Token_0xef811e8ea1c406cd1df7c953e45acfc4deb72e3d,transferFrom-failure-2,Proved,136.710
TokenERC20_0x97e989FD773745f7E1678c2004057F1378591A71,totalSupply,Failed,345.854
TokenERC20_0x97e989FD773745f7E1678c2004057F1378591A71,balanceOf,Failed,315.954
TokenERC20_0x97e989FD773745f7E1678c2004057F1378591A71,allowance,Failed,332.116
TokenERC20_0x97e989FD773745f7E1678c2004057F1378591A71,approve,Failed,328.415
TokenERC20_0x97e989FD773745f7E1678c2004057F1378591A71,transfer-success-1,Failed,364.296
TokenERC20_0x97e989FD773745f7E1678c2004057F1378591A71,transfer-success-2,Failed,354.676
TokenERC20_0x97e989FD773745f7E1678c2004057F1378591A71,transfer-failure-1,Failed,365.412
TokenERC20_0x97e989FD773745f7E1678c2004057F1378591A71,transfer-failure-2,Failed,362.019
TokenERC20_0x97e989FD773745f7E1678c2004057F1378591A71,transferFrom-success-1,Failed,372.691
TokenERC20_0x97e989FD773745f7E1678c2004057F1378591A71,transferFrom-success-2,Failed,382.064
TokenERC20_0x97e989FD773745f7E1678c2004057F1378591A71,transferFrom-failure-1,Failed,371.621
TokenERC20_0x97e989FD773745f7E1678c2004057F1378591A71,transferFrom-failure-2,Failed,372.006
TokenERC20_0xd08Bd5110B58396d435665de74A43a06B0136B10,totalSupply,Proved,189.225
TokenERC20_0xd08Bd5110B58396d435665de74A43a06B0136B10,balanceOf,Proved,188.092
TokenERC20_0xd08Bd5110B58396d435665de74A43a06B0136B10,allowance,Proved,195.128
TokenERC20_0xd08Bd5110B58396d435665de74A43a06B0136B10,approve,Proved,197.725
TokenERC20_0xd08Bd5110B58396d435665de74A43a06B0136B10,transfer-success-1,Failed,202.763
TokenERC20_0xd08Bd5110B58396d435665de74A43a06B0136B10,transfer-success-2,Failed,193.886
TokenERC20_0xd08Bd5110B58396d435665de74A43a06B0136B10,transfer-failure-1,Proved,198.956
TokenERC20_0xd08Bd5110B58396d435665de74A43a06B0136B10,transfer-failure-2,Proved,185.342
TokenERC20_0xd08Bd5110B58396d435665de74A43a06B0136B10,transferFrom-success-1,Failed,204.231
TokenERC20_0xd08Bd5110B58396d435665de74A43a06B0136B10,transferFrom-success-2,Failed,215.580
TokenERC20_0xd08Bd5110B58396d435665de74A43a06B0136B10,transferFrom-failure-1,Proved,201.371
TokenERC20_0xd08Bd5110B58396d435665de74A43a06B0136B10,transferFrom-failure-2,Proved,188.657
TrifoliumCoin_0xaF3573E1E223c601340AdE1f1D52cd106B264367,totalSupply,Failed,292.704
TrifoliumCoin_0xaF3573E1E223c601340AdE1f1D52cd106B264367,balanceOf,Proved,281.298
TrifoliumCoin_0xaF3573E1E223c601340AdE1f1D52cd106B264367,allowance,Proved,273.685
TrifoliumCoin_0xaF3573E1E223c601340AdE1f1D52cd106B264367,approve,Proved,280.293
TrifoliumCoin_0xaF3573E1E223c601340AdE1f1D52cd106B264367,transfer-success-1,Proved,269.924
TrifoliumCoin_0xaF3573E1E223c601340AdE1f1D52cd106B264367,transfer-success-2,Proved,295.021
TrifoliumCoin_0xaF3573E1E223c601340AdE1f1D52cd106B264367,transfer-failure-1,Proved,272.183
TrifoliumCoin_0xaF3573E1E223c601340AdE1f1D52cd106B264367,transfer-failure-2,Proved,286.187
TrifoliumCoin_0xaF3573E1E223c601340AdE1f1D52cd106B264367,transferFrom-success-1,Proved,284.909
TrifoliumCoin_0xaF3573E1E223c601340AdE1f1D52cd106B264367,transferFrom-success-2,Proved,304.441
TrifoliumCoin_0xaF3573E1E223c601340AdE1f1D52cd106B264367,transferFrom-failure-1,Proved,284.410
TrifoliumCoin_0xaF3573E1E223c601340AdE1f1D52cd106B264367,transferFrom-failure-2,Proved,288.927
TristersLightCoin_0x9d5155fbffd5bbb7555f13819a5b435b7befdcbe,totalSupply,Failed,464.092
TristersLightCoin_0x9d5155fbffd5bbb7555f13819a5b435b7befdcbe,balanceOf,Failed,478.305
TristersLightCoin_0x9d5155fbffd5bbb7555f13819a5b435b7befdcbe,allowance,Failed,479.993
TristersLightCoin_0x9d5155fbffd5bbb7555f13819a5b435b7befdcbe,approve,Failed,487.230
TristersLightCoin_0x9d5155fbffd5bbb7555f13819a5b435b7befdcbe,transfer-success-1,Failed,522.685
TristersLightCoin_0x9d5155fbffd5bbb7555f13819a5b435b7befdcbe,transfer-success-2,Failed,490.199
TristersLightCoin_0x9d5155fbffd5bbb7555f13819a5b435b7befdcbe,transfer-failure-1,Failed,500.311
TristersLightCoin_0x9d5155fbffd5bbb7555f13819a5b435b7befdcbe,transfer-failure-2,Failed,500.519
TristersLightCoin_0x9d5155fbffd5bbb7555f13819a5b435b7befdcbe,transferFrom-success-1,Failed,556.146
TristersLightCoin_0x9d5155fbffd5bbb7555f13819a5b435b7befdcbe,transferFrom-success-2,Failed,535.587
TristersLightCoin_0x9d5155fbffd5bbb7555f13819a5b435b7befdcbe,transferFrom-failure-1,Failed,524.879
TristersLightCoin_0x9d5155fbffd5bbb7555f13819a5b435b7befdcbe,transferFrom-failure-2,Failed,519.349
TSTToken_0xf67041758d3b6e56d6fdafa5b32038302c3634da,totalSupply,Proved,306.523
TSTToken_0xf67041758d3b6e56d6fdafa5b32038302c3634da,balanceOf,Proved,307.374
TSTToken_0xf67041758d3b6e56d6fdafa5b32038302c3634da,allowance,Proved,310.407
TSTToken_0xf67041758d3b6e56d6fdafa5b32038302c3634da,approve,Proved,317.674
TSTToken_0xf67041758d3b6e56d6fdafa5b32038302c3634da,transfer-success-1,Failed,322.022
TSTToken_0xf67041758d3b6e56d6fdafa5b32038302c3634da,transfer-success-2,Proved,325.609
TSTToken_0xf67041758d3b6e56d6fdafa5b32038302c3634da,transfer-failure-1,Proved,327.270
TSTToken_0xf67041758d3b6e56d6fdafa5b32038302c3634da,transfer-failure-2,Proved,315.573
TSTToken_0xf67041758d3b6e56d6fdafa5b32038302c3634da,transferFrom-success-1,Failed,355.429
TSTToken_0xf67041758d3b6e56d6fdafa5b32038302c3634da,transferFrom-success-2,Failed,332.737
TSTToken_0xf67041758d3b6e56d6fdafa5b32038302c3634da,transferFrom-failure-1,Proved,339.085
TSTToken_0xf67041758d3b6e56d6fdafa5b32038302c3634da,transferFrom-failure-2,Proved,306.550
TulipToken_0x3D1BE3fEf769399CcE7e504E85324d622F23Cf85,totalSupply,Proved,532.614
TulipToken_0x3D1BE3fEf769399CcE7e504E85324d622F23Cf85,balanceOf,Proved,530.361
TulipToken_0x3D1BE3fEf769399CcE7e504E85324d622F23Cf85,allowance,Proved,546.378
TulipToken_0x3D1BE3fEf769399CcE7e504E85324d622F23Cf85,approve,Failed,539.062
TulipToken_0x3D1BE3fEf769399CcE7e504E85324d622F23Cf85,transfer-success-1,Failed,573.192
TulipToken_0x3D1BE3fEf769399CcE7e504E85324d622F23Cf85,transfer-success-2,Proved,551.939
TulipToken_0x3D1BE3fEf769399CcE7e504E85324d622F23Cf85,transfer-failure-1,Proved,546.173
TulipToken_0x3D1BE3fEf769399CcE7e504E85324d622F23Cf85,transfer-failure-2,Proved,551.776
TulipToken_0x3D1BE3fEf769399CcE7e504E85324d622F23Cf85,transferFrom-success-1,Failed,549.630
TulipToken_0x3D1BE3fEf769399CcE7e504E85324d622F23Cf85,transferFrom-success-2,Failed,554.637
TulipToken_0x3D1BE3fEf769399CcE7e504E85324d622F23Cf85,transferFrom-failure-1,Proved,533.910
TulipToken_0x3D1BE3fEf769399CcE7e504E85324d622F23Cf85,transferFrom-failure-2,Proved,521.184
ULMC_0x44f946f93272322341eeb42977b0b0ed090c8f9c,totalSupply,Proved,176.535
ULMC_0x44f946f93272322341eeb42977b0b0ed090c8f9c,balanceOf,Proved,179.377
ULMC_0x44f946f93272322341eeb42977b0b0ed090c8f9c,allowance,Proved,183.693
ULMC_0x44f946f93272322341eeb42977b0b0ed090c8f9c,approve,Failed,187.707
ULMC_0x44f946f93272322341eeb42977b0b0ed090c8f9c,transfer-success-1,Failed,194.541
ULMC_0x44f946f93272322341eeb42977b0b0ed090c8f9c,transfer-success-2,Proved,190.187
ULMC_0x44f946f93272322341eeb42977b0b0ed090c8f9c,transfer-failure-1,Proved,192.359
ULMC_0x44f946f93272322341eeb42977b0b0ed090c8f9c,transfer-failure-2,Proved,184.969
ULMC_0x44f946f93272322341eeb42977b0b0ed090c8f9c,transferFrom-success-1,Failed,209.194
ULMC_0x44f946f93272322341eeb42977b0b0ed090c8f9c,transferFrom-success-2,Failed,200.600
ULMC_0x44f946f93272322341eeb42977b0b0ed090c8f9c,transferFrom-failure-1,Proved,208.815
ULMC_0x44f946f93272322341eeb42977b0b0ed090c8f9c,transferFrom-failure-2,Proved,209.290
ULU_0x035bfe6057e15ea692c0dfdcab3bb41a64dd2ad4,totalSupply,Proved,636.040
ULU_0x035bfe6057e15ea692c0dfdcab3bb41a64dd2ad4,balanceOf,Proved,695.880
ULU_0x035bfe6057e15ea692c0dfdcab3bb41a64dd2ad4,allowance,Proved,648.761
ULU_0x035bfe6057e15ea692c0dfdcab3bb41a64dd2ad4,approve,Failed,692.910
ULU_0x035bfe6057e15ea692c0dfdcab3bb41a64dd2ad4,transfer-success-1,Failed,691.606
ULU_0x035bfe6057e15ea692c0dfdcab3bb41a64dd2ad4,transfer-success-2,Proved,674.380
ULU_0x035bfe6057e15ea692c0dfdcab3bb41a64dd2ad4,transfer-failure-1,Proved,692.899
ULU_0x035bfe6057e15ea692c0dfdcab3bb41a64dd2ad4,transfer-failure-2,Proved,682.284
ULU_0x035bfe6057e15ea692c0dfdcab3bb41a64dd2ad4,transferFrom-success-1,Failed,769.476
ULU_0x035bfe6057e15ea692c0dfdcab3bb41a64dd2ad4,transferFrom-success-2,Failed,795.819
ULU_0x035bfe6057e15ea692c0dfdcab3bb41a64dd2ad4,transferFrom-failure-1,Proved,722.875
ULU_0x035bfe6057e15ea692c0dfdcab3bb41a64dd2ad4,transferFrom-failure-2,Proved,699.055
UPCToken_0x91c4b0cfc5eac8b8c5fd953ae9fbc707b520a7d6,totalSupply,Proved,418.494
UPCToken_0x91c4b0cfc5eac8b8c5fd953ae9fbc707b520a7d6,balanceOf,Proved,404.423
UPCToken_0x91c4b0cfc5eac8b8c5fd953ae9fbc707b520a7d6,allowance,Proved,420.505
UPCToken_0x91c4b0cfc5eac8b8c5fd953ae9fbc707b520a7d6,approve,Failed,428.052
UPCToken_0x91c4b0cfc5eac8b8c5fd953ae9fbc707b520a7d6,transfer-success-1,Failed,430.438
UPCToken_0x91c4b0cfc5eac8b8c5fd953ae9fbc707b520a7d6,transfer-success-2,Failed,429.016
UPCToken_0x91c4b0cfc5eac8b8c5fd953ae9fbc707b520a7d6,transfer-failure-1,Proved,437.882
UPCToken_0x91c4b0cfc5eac8b8c5fd953ae9fbc707b520a7d6,transfer-failure-2,Proved,435.054
UPCToken_0x91c4b0cfc5eac8b8c5fd953ae9fbc707b520a7d6,transferFrom-success-1,Failed,467.008
UPCToken_0x91c4b0cfc5eac8b8c5fd953ae9fbc707b520a7d6,transferFrom-success-2,Failed,438.727
UPCToken_0x91c4b0cfc5eac8b8c5fd953ae9fbc707b520a7d6,transferFrom-failure-1,Proved,462.777
UPCToken_0x91c4b0cfc5eac8b8c5fd953ae9fbc707b520a7d6,transferFrom-failure-2,Proved,453.842
USD_0x8679f1f00725c3b02918604438a5200b0acf7584,totalSupply,Proved,229.292
USD_0x8679f1f00725c3b02918604438a5200b0acf7584,balanceOf,Proved,243.889
USD_0x8679f1f00725c3b02918604438a5200b0acf7584,allowance,Proved,233.507
USD_0x8679f1f00725c3b02918604438a5200b0acf7584,approve,Failed,240.318
USD_0x8679f1f00725c3b02918604438a5200b0acf7584,transfer-success-1,Failed,276.055
USD_0x8679f1f00725c3b02918604438a5200b0acf7584,transfer-success-2,Failed,260.663
USD_0x8679f1f00725c3b02918604438a5200b0acf7584,transfer-failure-1,Failed,258.596
USD_0x8679f1f00725c3b02918604438a5200b0acf7584,transfer-failure-2,Proved,236.754
USD_0x8679f1f00725c3b02918604438a5200b0acf7584,transferFrom-success-1,Failed,272.818
USD_0x8679f1f00725c3b02918604438a5200b0acf7584,transferFrom-success-2,Failed,269.105
USD_0x8679f1f00725c3b02918604438a5200b0acf7584,transferFrom-failure-1,Proved,250.343
USD_0x8679f1f00725c3b02918604438a5200b0acf7584,transferFrom-failure-2,Proved,248.466
USDollarHKex_0x164f0C960c164F8988a556B4EB86d3a696b8E7f0,totalSupply,Proved,660.898
USDollarHKex_0x164f0C960c164F8988a556B4EB86d3a696b8E7f0,balanceOf,Proved,663.605
USDollarHKex_0x164f0C960c164F8988a556B4EB86d3a696b8E7f0,allowance,Proved,683.790
USDollarHKex_0x164f0C960c164F8988a556B4EB86d3a696b8E7f0,approve,Failed,712.098
USDollarHKex_0x164f0C960c164F8988a556B4EB86d3a696b8E7f0,transfer-failure-2,Proved,901.836
USDX_0xbec4a69d6a5fbcb2303c13d24ea1a51a6f19bd12,totalSupply,Failed,615.588
USDX_0xbec4a69d6a5fbcb2303c13d24ea1a51a6f19bd12,balanceOf,Proved,590.898
USDX_0xbec4a69d6a5fbcb2303c13d24ea1a51a6f19bd12,allowance,Proved,593.271
USDX_0xbec4a69d6a5fbcb2303c13d24ea1a51a6f19bd12,approve,Proved,593.070
USDX_0xbec4a69d6a5fbcb2303c13d24ea1a51a6f19bd12,transfer-success-1,Proved,586.095
USDX_0xbec4a69d6a5fbcb2303c13d24ea1a51a6f19bd12,transfer-success-2,Proved,617.605
USDX_0xbec4a69d6a5fbcb2303c13d24ea1a51a6f19bd12,transfer-failure-1,Proved,592.998
USDX_0xbec4a69d6a5fbcb2303c13d24ea1a51a6f19bd12,transfer-failure-2,Proved,578.287
USDX_0xbec4a69d6a5fbcb2303c13d24ea1a51a6f19bd12,transferFrom-success-1,Proved,599.667
USDX_0xbec4a69d6a5fbcb2303c13d24ea1a51a6f19bd12,transferFrom-success-2,Proved,603.191
USDX_0xbec4a69d6a5fbcb2303c13d24ea1a51a6f19bd12,transferFrom-failure-1,Proved,568.022
USDX_0xbec4a69d6a5fbcb2303c13d24ea1a51a6f19bd12,transferFrom-failure-2,Proved,588.754
VIE_0x74639EfB889C1Fb44c8A3F64c681E549Bb077e4d,totalSupply,Proved,599.177
VIE_0x74639EfB889C1Fb44c8A3F64c681E549Bb077e4d,balanceOf,Proved,498.842
VIE_0x74639EfB889C1Fb44c8A3F64c681E549Bb077e4d,allowance,Proved,558.526
VIE_0x74639EfB889C1Fb44c8A3F64c681E549Bb077e4d,approve,Failed,599.322
VIE_0x74639EfB889C1Fb44c8A3F64c681E549Bb077e4d,transfer-success-1,Failed,531.247
VIE_0x74639EfB889C1Fb44c8A3F64c681E549Bb077e4d,transfer-success-2,Failed,577.111
VIE_0x74639EfB889C1Fb44c8A3F64c681E549Bb077e4d,transfer-failure-1,Proved,543.324
VIE_0x74639EfB889C1Fb44c8A3F64c681E549Bb077e4d,transfer-failure-2,Proved,539.392
VIE_0x74639EfB889C1Fb44c8A3F64c681E549Bb077e4d,transferFrom-success-1,Failed,620.202
VIE_0x74639EfB889C1Fb44c8A3F64c681E549Bb077e4d,transferFrom-success-2,Failed,516.889
VIE_0x74639EfB889C1Fb44c8A3F64c681E549Bb077e4d,transferFrom-failure-1,Proved,564.836
VIE_0x74639EfB889C1Fb44c8A3F64c681E549Bb077e4d,transferFrom-failure-2,Proved,551.373
VIToken_0xd321ca7cd7a233483b8cd5a11a89e9337e70df84,totalSupply,Proved,434.583
VIToken_0xd321ca7cd7a233483b8cd5a11a89e9337e70df84,balanceOf,Proved,553.015
VIToken_0xd321ca7cd7a233483b8cd5a11a89e9337e70df84,allowance,Proved,439.251
VIToken_0xd321ca7cd7a233483b8cd5a11a89e9337e70df84,approve,Failed,526.307
VIToken_0xd321ca7cd7a233483b8cd5a11a89e9337e70df84,transfer-success-1,Failed,493.146
VIToken_0xd321ca7cd7a233483b8cd5a11a89e9337e70df84,transfer-success-2,Proved,516.628
VIToken_0xd321ca7cd7a233483b8cd5a11a89e9337e70df84,transfer-failure-1,Proved,531.129
VIToken_0xd321ca7cd7a233483b8cd5a11a89e9337e70df84,transfer-failure-2,Proved,460.213
VIToken_0xd321ca7cd7a233483b8cd5a11a89e9337e70df84,transferFrom-success-1,Failed,460.552
VIToken_0xd321ca7cd7a233483b8cd5a11a89e9337e70df84,transferFrom-success-2,Failed,465.632
VIToken_0xd321ca7cd7a233483b8cd5a11a89e9337e70df84,transferFrom-failure-1,Proved,465.029
VIToken_0xd321ca7cd7a233483b8cd5a11a89e9337e70df84,transferFrom-failure-2,Proved,454.369
WXB_0x549ed593defa6ce92fb8e8ce08bec1a804ca1fbe,totalSupply,Proved,152.436
WXB_0x549ed593defa6ce92fb8e8ce08bec1a804ca1fbe,balanceOf,Proved,152.865
WXB_0x549ed593defa6ce92fb8e8ce08bec1a804ca1fbe,allowance,Proved,161.132
WXB_0x549ed593defa6ce92fb8e8ce08bec1a804ca1fbe,approve,Failed,155.785
WXB_0x549ed593defa6ce92fb8e8ce08bec1a804ca1fbe,transfer-success-1,Proved,168.540
WXB_0x549ed593defa6ce92fb8e8ce08bec1a804ca1fbe,transfer-success-2,Failed,156.155
WXB_0x549ed593defa6ce92fb8e8ce08bec1a804ca1fbe,transfer-failure-1,Proved,163.168
WXB_0x549ed593defa6ce92fb8e8ce08bec1a804ca1fbe,transfer-failure-2,Proved,160.691
WXB_0x549ed593defa6ce92fb8e8ce08bec1a804ca1fbe,transferFrom-success-1,Proved,170.697
WXB_0x549ed593defa6ce92fb8e8ce08bec1a804ca1fbe,transferFrom-success-2,Proved,176.550
WXB_0x549ed593defa6ce92fb8e8ce08bec1a804ca1fbe,transferFrom-failure-1,Proved,173.173
WXB_0x549ed593defa6ce92fb8e8ce08bec1a804ca1fbe,transferFrom-failure-2,Proved,155.079
XMDDexChain_0xa8b0279acc96efebd09955ad8240b2d30b53055e,totalSupply,Failed,273.609
XMDDexChain_0xa8b0279acc96efebd09955ad8240b2d30b53055e,balanceOf,Proved,275.989
XMDDexChain_0xa8b0279acc96efebd09955ad8240b2d30b53055e,allowance,Proved,281.451
XMDDexChain_0xa8b0279acc96efebd09955ad8240b2d30b53055e,approve,Proved,273.140
XMDDexChain_0xa8b0279acc96efebd09955ad8240b2d30b53055e,transfer-success-1,Proved,294.252
XMDDexChain_0xa8b0279acc96efebd09955ad8240b2d30b53055e,transfer-success-2,Proved,283.665
XMDDexChain_0xa8b0279acc96efebd09955ad8240b2d30b53055e,transfer-failure-1,Proved,273.901
XMDDexChain_0xa8b0279acc96efebd09955ad8240b2d30b53055e,transfer-failure-2,Proved,283.536
XMDDexChain_0xa8b0279acc96efebd09955ad8240b2d30b53055e,transferFrom-success-1,Proved,292.513
XMDDexChain_0xa8b0279acc96efebd09955ad8240b2d30b53055e,transferFrom-success-2,Proved,288.982
XMDDexChain_0xa8b0279acc96efebd09955ad8240b2d30b53055e,transferFrom-failure-1,Proved,293.419
XMDDexChain_0xa8b0279acc96efebd09955ad8240b2d30b53055e,transferFrom-failure-2,Proved,286.178
XNC_0x8Bb6F9463524af5c248d085D37c91b96D8AAfF80,totalSupply,Proved,306.276
XNC_0x8Bb6F9463524af5c248d085D37c91b96D8AAfF80,balanceOf,Proved,322.215
XNC_0x8Bb6F9463524af5c248d085D37c91b96D8AAfF80,allowance,Proved,318.118
XNC_0x8Bb6F9463524af5c248d085D37c91b96D8AAfF80,approve,Proved,315.983
XNC_0x8Bb6F9463524af5c248d085D37c91b96D8AAfF80,transfer-success-1,Failed,320.004
XNC_0x8Bb6F9463524af5c248d085D37c91b96D8AAfF80,transfer-success-2,Proved,316.571
XNC_0x8Bb6F9463524af5c248d085D37c91b96D8AAfF80,transfer-failure-1,Proved,333.984
XNC_0x8Bb6F9463524af5c248d085D37c91b96D8AAfF80,transfer-failure-2,Proved,303.567
XNC_0x8Bb6F9463524af5c248d085D37c91b96D8AAfF80,transferFrom-success-1,Failed,340.655
XNC_0x8Bb6F9463524af5c248d085D37c91b96D8AAfF80,transferFrom-success-2,Failed,329.356
XNC_0x8Bb6F9463524af5c248d085D37c91b96D8AAfF80,transferFrom-failure-1,Proved,318.982
XNC_0x8Bb6F9463524af5c248d085D37c91b96D8AAfF80,transferFrom-failure-2,Proved,322.447
YearnFinanceBitToken_0xf0a0f3a6fa6bed75345171a5ea18abcadf6453ba,totalSupply,Failed,142.832
YearnFinanceBitToken_0xf0a0f3a6fa6bed75345171a5ea18abcadf6453ba,balanceOf,Proved,142.393
YearnFinanceBitToken_0xf0a0f3a6fa6bed75345171a5ea18abcadf6453ba,allowance,Proved,142.384
YearnFinanceBitToken_0xf0a0f3a6fa6bed75345171a5ea18abcadf6453ba,approve,Proved,140.636
YearnFinanceBitToken_0xf0a0f3a6fa6bed75345171a5ea18abcadf6453ba,transfer-success-1,Proved,151.501
YearnFinanceBitToken_0xf0a0f3a6fa6bed75345171a5ea18abcadf6453ba,transfer-success-2,Proved,150.241
YearnFinanceBitToken_0xf0a0f3a6fa6bed75345171a5ea18abcadf6453ba,transfer-failure-1,Proved,147.247
YearnFinanceBitToken_0xf0a0f3a6fa6bed75345171a5ea18abcadf6453ba,transfer-failure-2,Proved,140.917
YearnFinanceBitToken_0xf0a0f3a6fa6bed75345171a5ea18abcadf6453ba,transferFrom-success-1,Proved,156.588
YearnFinanceBitToken_0xf0a0f3a6fa6bed75345171a5ea18abcadf6453ba,transferFrom-success-2,Proved,157.333
YearnFinanceBitToken_0xf0a0f3a6fa6bed75345171a5ea18abcadf6453ba,transferFrom-failure-1,Proved,157.813
YearnFinanceBitToken_0xf0a0f3a6fa6bed75345171a5ea18abcadf6453ba,transferFrom-failure-2,Proved,153.648
YFI_0x0bc529c00c6401aef6d220be8c6ea1667f6ad93e,totalSupply,Proved,386.452
YFI_0x0bc529c00c6401aef6d220be8c6ea1667f6ad93e,balanceOf,Proved,383.621
YFI_0x0bc529c00c6401aef6d220be8c6ea1667f6ad93e,allowance,Proved,481.905
YFI_0x0bc529c00c6401aef6d220be8c6ea1667f6ad93e,approve,Failed,447.587
YFI_0x0bc529c00c6401aef6d220be8c6ea1667f6ad93e,transfer-success-1,Failed,502.759
YFI_0x0bc529c00c6401aef6d220be8c6ea1667f6ad93e,transfer-success-2,Proved,434.261
YFI_0x0bc529c00c6401aef6d220be8c6ea1667f6ad93e,transfer-failure-1,Proved,498.359
YFI_0x0bc529c00c6401aef6d220be8c6ea1667f6ad93e,transfer-failure-2,Proved,425.484
YFI_0x0bc529c00c6401aef6d220be8c6ea1667f6ad93e,transferFrom-success-1,Failed,534.514
YFI_0x0bc529c00c6401aef6d220be8c6ea1667f6ad93e,transferFrom-success-2,Failed,462.136
YFI_0x0bc529c00c6401aef6d220be8c6ea1667f6ad93e,transferFrom-failure-1,Proved,557.396
YFI_0x0bc529c00c6401aef6d220be8c6ea1667f6ad93e,transferFrom-failure-2,Proved,486.826
YFLink_0x28cb7e841ee97947a86b06fa4090c8451f64c0be,totalSupply,Proved,459.889
YFLink_0x28cb7e841ee97947a86b06fa4090c8451f64c0be,balanceOf,Proved,464.492
YFLink_0x28cb7e841ee97947a86b06fa4090c8451f64c0be,allowance,Proved,450.048
YFLink_0x28cb7e841ee97947a86b06fa4090c8451f64c0be,approve,Failed,479.558
YFLink_0x28cb7e841ee97947a86b06fa4090c8451f64c0be,transfer-success-1,Failed,464.265
YFLink_0x28cb7e841ee97947a86b06fa4090c8451f64c0be,transfer-success-2,Proved,509.418
YFLink_0x28cb7e841ee97947a86b06fa4090c8451f64c0be,transfer-failure-1,Proved,451.474
YFLink_0x28cb7e841ee97947a86b06fa4090c8451f64c0be,transfer-failure-2,Proved,542.278
YFLink_0x28cb7e841ee97947a86b06fa4090c8451f64c0be,transferFrom-success-1,Failed,451.803
YFLink_0x28cb7e841ee97947a86b06fa4090c8451f64c0be,transferFrom-success-2,Failed,534.356
YFLink_0x28cb7e841ee97947a86b06fa4090c8451f64c0be,transferFrom-failure-1,Proved,485.733
YFLink_0x28cb7e841ee97947a86b06fa4090c8451f64c0be,transferFrom-failure-2,Proved,489.922
YFV_0x45f24baeef268bb6d63aee5129015d69702bcdfa,totalSupply,Proved,465.524
YFV_0x45f24baeef268bb6d63aee5129015d69702bcdfa,balanceOf,Proved,471.308
YFV_0x45f24baeef268bb6d63aee5129015d69702bcdfa,allowance,Proved,460.710
YFV_0x45f24baeef268bb6d63aee5129015d69702bcdfa,approve,Failed,473.720
YFV_0x45f24baeef268bb6d63aee5129015d69702bcdfa,transfer-success-1,Failed,506.307
YFV_0x45f24baeef268bb6d63aee5129015d69702bcdfa,transfer-success-2,Proved,490.965
YFV_0x45f24baeef268bb6d63aee5129015d69702bcdfa,transfer-failure-1,Proved,484.467
YFV_0x45f24baeef268bb6d63aee5129015d69702bcdfa,transfer-failure-2,Proved,537.615
YFV_0x45f24baeef268bb6d63aee5129015d69702bcdfa,transferFrom-success-1,Failed,553.079
YFV_0x45f24baeef268bb6d63aee5129015d69702bcdfa,transferFrom-success-2,Failed,517.255
YFV_0x45f24baeef268bb6d63aee5129015d69702bcdfa,transferFrom-failure-1,Proved,485.510
YFV_0x45f24baeef268bb6d63aee5129015d69702bcdfa,transferFrom-failure-2,Proved,505.093
YSM_0x9ad2018bdbc21db14457542ee26cbbf0565f8687,totalSupply,Proved,148.993
YSM_0x9ad2018bdbc21db14457542ee26cbbf0565f8687,balanceOf,Proved,164.230
YSM_0x9ad2018bdbc21db14457542ee26cbbf0565f8687,allowance,Proved,163.646
YSM_0x9ad2018bdbc21db14457542ee26cbbf0565f8687,approve,Failed,159.562
YSM_0x9ad2018bdbc21db14457542ee26cbbf0565f8687,transfer-success-1,Proved,208.302
YSM_0x9ad2018bdbc21db14457542ee26cbbf0565f8687,transfer-success-2,Failed,156.445
YSM_0x9ad2018bdbc21db14457542ee26cbbf0565f8687,transfer-failure-1,Proved,172.118
YSM_0x9ad2018bdbc21db14457542ee26cbbf0565f8687,transfer-failure-2,Proved,155.967
YSM_0x9ad2018bdbc21db14457542ee26cbbf0565f8687,transferFrom-success-1,Proved,182.425
YSM_0x9ad2018bdbc21db14457542ee26cbbf0565f8687,transferFrom-success-2,Proved,212.628
YSM_0x9ad2018bdbc21db14457542ee26cbbf0565f8687,transferFrom-failure-1,Proved,179.718
YSM_0x9ad2018bdbc21db14457542ee26cbbf0565f8687,transferFrom-failure-2,Proved,164.997
ZAI_0x6a90445976b4a9ad09de0c1621048483d2f5589f,totalSupply,Failed,613.214
ZAI_0x6a90445976b4a9ad09de0c1621048483d2f5589f,balanceOf,Proved,609.757
ZAI_0x6a90445976b4a9ad09de0c1621048483d2f5589f,allowance,Proved,598.295
ZAI_0x6a90445976b4a9ad09de0c1621048483d2f5589f,approve,Proved,594.923
ZAI_0x6a90445976b4a9ad09de0c1621048483d2f5589f,transfer-success-1,Proved,592.530
ZAI_0x6a90445976b4a9ad09de0c1621048483d2f5589f,transfer-success-2,Proved,600.692
ZAI_0x6a90445976b4a9ad09de0c1621048483d2f5589f,transfer-failure-1,Proved,589.302
ZAI_0x6a90445976b4a9ad09de0c1621048483d2f5589f,transfer-failure-2,Proved,588.969
ZAI_0x6a90445976b4a9ad09de0c1621048483d2f5589f,transferFrom-success-1,Proved,599.200
ZAI_0x6a90445976b4a9ad09de0c1621048483d2f5589f,transferFrom-success-2,Proved,590.446
ZAI_0x6a90445976b4a9ad09de0c1621048483d2f5589f,transferFrom-failure-1,Proved,590.711
ZAI_0x6a90445976b4a9ad09de0c1621048483d2f5589f,transferFrom-failure-2,Proved,577.659
ZEBELLION_0x98a1208a9287e378d329225836b823481d890409,totalSupply,Failed,609.333
ZEBELLION_0x98a1208a9287e378d329225836b823481d890409,balanceOf,Proved,563.417
ZEBELLION_0x98a1208a9287e378d329225836b823481d890409,allowance,Proved,609.155
ZEBELLION_0x98a1208a9287e378d329225836b823481d890409,approve,Proved,602.133
ZEBELLION_0x98a1208a9287e378d329225836b823481d890409,transfer-success-1,Proved,610.660
ZEBELLION_0x98a1208a9287e378d329225836b823481d890409,transfer-success-2,Proved,609.033
ZEBELLION_0x98a1208a9287e378d329225836b823481d890409,transfer-failure-1,Proved,590.905
ZEBELLION_0x98a1208a9287e378d329225836b823481d890409,transfer-failure-2,Proved,591.711
ZEBELLION_0x98a1208a9287e378d329225836b823481d890409,transferFrom-success-1,Proved,610.591
ZEBELLION_0x98a1208a9287e378d329225836b823481d890409,transferFrom-success-2,Proved,612.460
ZEBELLION_0x98a1208a9287e378d329225836b823481d890409,transferFrom-failure-1,Proved,620.242
ZEBELLION_0x98a1208a9287e378d329225836b823481d890409,transferFrom-failure-2,Proved,598.039
Zhey_ERC20_0x31126416f0dbc1283dc5295ee6ea04ff83ee3531,totalSupply,Failed,635.080
Zhey_ERC20_0x31126416f0dbc1283dc5295ee6ea04ff83ee3531,balanceOf,Proved,595.858
Zhey_ERC20_0x31126416f0dbc1283dc5295ee6ea04ff83ee3531,allowance,Proved,600.430
Zhey_ERC20_0x31126416f0dbc1283dc5295ee6ea04ff83ee3531,approve,Proved,597.582
Zhey_ERC20_0x31126416f0dbc1283dc5295ee6ea04ff83ee3531,transfer-success-1,Proved,591.655
Zhey_ERC20_0x31126416f0dbc1283dc5295ee6ea04ff83ee3531,transfer-success-2,Proved,584.521
Zhey_ERC20_0x31126416f0dbc1283dc5295ee6ea04ff83ee3531,transfer-failure-1,Proved,587.880
Zhey_ERC20_0x31126416f0dbc1283dc5295ee6ea04ff83ee3531,transfer-failure-2,Proved,581.037
Zhey_ERC20_0x31126416f0dbc1283dc5295ee6ea04ff83ee3531,transferFrom-success-1,Proved,605.504
Zhey_ERC20_0x31126416f0dbc1283dc5295ee6ea04ff83ee3531,transferFrom-success-2,Proved,712.361
Zhey_ERC20_0x31126416f0dbc1283dc5295ee6ea04ff83ee3531,transferFrom-failure-1,Proved,693.582
Zhey_ERC20_0x31126416f0dbc1283dc5295ee6ea04ff83ee3531,transferFrom-failure-2,Proved,668.375
Zhey_ERC20_0x851be0d936cb611d2cab3c3963338288445c1e52,totalSupply,Failed,671.856
Zhey_ERC20_0x851be0d936cb611d2cab3c3963338288445c1e52,balanceOf,Proved,707.389
Zhey_ERC20_0x851be0d936cb611d2cab3c3963338288445c1e52,allowance,Proved,700.512
Zhey_ERC20_0x851be0d936cb611d2cab3c3963338288445c1e52,approve,Proved,651.339
Zhey_ERC20_0x851be0d936cb611d2cab3c3963338288445c1e52,transfer-success-1,Proved,688.580
Zhey_ERC20_0x851be0d936cb611d2cab3c3963338288445c1e52,transfer-success-2,Proved,735.960
Zhey_ERC20_0x851be0d936cb611d2cab3c3963338288445c1e52,transfer-failure-1,Proved,739.235
Zhey_ERC20_0x851be0d936cb611d2cab3c3963338288445c1e52,transfer-failure-2,Proved,699.478
Zhey_ERC20_0x851be0d936cb611d2cab3c3963338288445c1e52,transferFrom-success-1,Proved,682.677
Zhey_ERC20_0x851be0d936cb611d2cab3c3963338288445c1e52,transferFrom-success-2,Proved,691.418
Zhey_ERC20_0x851be0d936cb611d2cab3c3963338288445c1e52,transferFrom-failure-1,Proved,713.606
Zhey_ERC20_0x851be0d936cb611d2cab3c3963338288445c1e52,transferFrom-failure-2,Proved,723.072
ZJYB_0x8084db66552b505cbf18359cb4ead0fb059c65d8,totalSupply,Proved,229.386
ZJYB_0x8084db66552b505cbf18359cb4ead0fb059c65d8,balanceOf,Proved,228.871
ZJYB_0x8084db66552b505cbf18359cb4ead0fb059c65d8,allowance,Proved,225.703
ZJYB_0x8084db66552b505cbf18359cb4ead0fb059c65d8,approve,Failed,229.961
ZJYB_0x8084db66552b505cbf18359cb4ead0fb059c65d8,transfer-success-1,Failed,257.430
ZJYB_0x8084db66552b505cbf18359cb4ead0fb059c65d8,transfer-success-2,Failed,241.357
ZJYB_0x8084db66552b505cbf18359cb4ead0fb059c65d8,transfer-failure-1,Failed,248.431
ZJYB_0x8084db66552b505cbf18359cb4ead0fb059c65d8,transfer-failure-2,Proved,227.306
ZJYB_0x8084db66552b505cbf18359cb4ead0fb059c65d8,transferFrom-success-1,Failed,268.527
ZJYB_0x8084db66552b505cbf18359cb4ead0fb059c65d8,transferFrom-success-2,Failed,259.793
ZJYB_0x8084db66552b505cbf18359cb4ead0fb059c65d8,transferFrom-failure-1,Proved,232.870
ZJYB_0x8084db66552b505cbf18359cb4ead0fb059c65d8,transferFrom-failure-2,Proved,235.058
ZTokens_ERC20_0x521a2ac7b33b09fa21a1ad7c040f4e1b5912c1d0,totalSupply,Failed,553.838
ZTokens_ERC20_0x521a2ac7b33b09fa21a1ad7c040f4e1b5912c1d0,balanceOf,Proved,569.174
ZTokens_ERC20_0x521a2ac7b33b09fa21a1ad7c040f4e1b5912c1d0,allowance,Proved,625.850
ZTokens_ERC20_0x521a2ac7b33b09fa21a1ad7c040f4e1b5912c1d0,approve,Proved,687.768
ZTokens_ERC20_0x521a2ac7b33b09fa21a1ad7c040f4e1b5912c1d0,transfer-success-1,Proved,737.586
ZTokens_ERC20_0x521a2ac7b33b09fa21a1ad7c040f4e1b5912c1d0,transfer-success-2,Proved,672.804
ZTokens_ERC20_0x521a2ac7b33b09fa21a1ad7c040f4e1b5912c1d0,transfer-failure-1,Proved,680.964
ZTokens_ERC20_0x521a2ac7b33b09fa21a1ad7c040f4e1b5912c1d0,transfer-failure-2,Proved,674.716
ZTokens_ERC20_0x521a2ac7b33b09fa21a1ad7c040f4e1b5912c1d0,transferFrom-success-1,Proved,744.982
ZTokens_ERC20_0x521a2ac7b33b09fa21a1ad7c040f4e1b5912c1d0,transferFrom-success-2,Proved,617.714
ZTokens_ERC20_0x521a2ac7b33b09fa21a1ad7c040f4e1b5912c1d0,transferFrom-failure-1,Proved,636.225
ZTokens_ERC20_0x521a2ac7b33b09fa21a1ad7c040f4e1b5912c1d0,transferFrom-failure-2,Proved,624.428
ZXL_0xfb3B4D413Fb8dF96C6336E8DD103f8af38B48F87,totalSupply,Proved,185.069
ZXL_0xfb3B4D413Fb8dF96C6336E8DD103f8af38B48F87,balanceOf,Proved,187.469
ZXL_0xfb3B4D413Fb8dF96C6336E8DD103f8af38B48F87,allowance,Proved,194.657
ZXL_0xfb3B4D413Fb8dF96C6336E8DD103f8af38B48F87,approve,Proved,192.944
ZXL_0xfb3B4D413Fb8dF96C6336E8DD103f8af38B48F87,transfer-success-1,Failed,211.136
ZXL_0xfb3B4D413Fb8dF96C6336E8DD103f8af38B48F87,transfer-success-2,Failed,202.524
ZXL_0xfb3B4D413Fb8dF96C6336E8DD103f8af38B48F87,transfer-failure-1,Proved,206.981
ZXL_0xfb3B4D413Fb8dF96C6336E8DD103f8af38B48F87,transfer-failure-2,Proved,194.779
ZXL_0xfb3B4D413Fb8dF96C6336E8DD103f8af38B48F87,transferFrom-success-1,Failed,216.457
ZXL_0xfb3B4D413Fb8dF96C6336E8DD103f8af38B48F87,transferFrom-success-2,Failed,210.851
ZXL_0xfb3B4D413Fb8dF96C6336E8DD103f8af38B48F87,transferFrom-failure-1,Proved,200.751
ZXL_0xfb3B4D413Fb8dF96C6336E8DD103f8af38B48F87,transferFrom-failure-2,Proved,205.196
ZZZ_0xc75F15AdA581219c95485c578E124df3985e4CE0,totalSupply,Proved,599.918
ZZZ_0xc75F15AdA581219c95485c578E124df3985e4CE0,balanceOf,Proved,582.316
ZZZ_0xc75F15AdA581219c95485c578E124df3985e4CE0,allowance,Proved,612.794
ZZZ_0xc75F15AdA581219c95485c578E124df3985e4CE0,approve,Failed,626.819
ZZZ_0xc75F15AdA581219c95485c578E124df3985e4CE0,transfer-success-1,Failed,632.674
ZZZ_0xc75F15AdA581219c95485c578E124df3985e4CE0,transfer-success-2,Failed,674.954
ZZZ_0xc75F15AdA581219c95485c578E124df3985e4CE0,transfer-failure-1,Proved,671.392
ZZZ_0xc75F15AdA581219c95485c578E124df3985e4CE0,transfer-failure-2,Proved,659.366
ZZZ_0xc75F15AdA581219c95485c578E124df3985e4CE0,transferFrom-success-1,Failed,678.155
ZZZ_0xc75F15AdA581219c95485c578E124df3985e4CE0,transferFrom-success-2,Failed,701.983
ZZZ_0xc75F15AdA581219c95485c578E124df3985e4CE0,transferFrom-failure-1,Proved,773.463
ZZZ_0xc75F15AdA581219c95485c578E124df3985e4CE0,transferFrom-failure-2,Proved,756.434
